{"Lens Light (Grid2D)": 0.1039276123046875, "Lens Light (Grid2DIterate)": 0.0856245756149292, "Lens Light Convolution": 0.01234438419342041, "Ray Tracing (SIE)": 0.09773068428039551, "Ray Tracing (Power-Law)": 0.23335843086242675, "Ray Tracing (Decomposed)": 3.9828540325164794, "Image-plane Pixelization (Gridding)": 0.003472781181335449, "Border Relocation": 0.12443487644195557, "Border Relocation Pixelization": 0.12035269737243652, "Voronoi Mesh": 0.020221781730651856, "Image-Source Pairing": 0.10776886940002442, "Mapping Matrix (f)": 0.24231069087982177, "Blurred Mapping Matrix (f_blur)": 0.6832822322845459, "Data Vector (D)": 0.06332182884216309, "Curvature Matrix (F)": 2.2241754055023195, "Regularization Matrix (H)": 0.03833076953887939, "F + Lambda H": 0.04134492874145508, "Source Reconstruction (S)": 0.3187816381454468, "Log Det [F + Lambda H]": 0.31949615478515625, "Log Det [Lambda H]": 0.30657622814178465, "Image Reconstruction": 0.04623656272888184}