{"Lens Light (Grid2D)": 0.09161853790283203, "Lens Light (Grid2DIterate)": 0.2783069610595703, "Lens Light Convolution": 0.009272336959838867, "Ray Tracing (SIE)": 0.09414982795715332, "Ray Tracing (Power-Law)": 0.21768403053283691, "Ray Tracing (Decomposed)": 3.7159759998321533, "Image-plane Pixelization": 0.003718137741088867, "Border Relocation": 0.113677978515625, "Border Relocation Pixelization": 0.10558128356933594, "Voronoi Mesh": 0.07665681838989258, "Image-Source Pairing": 0.1098785400390625, "Mapping Matrix (f)": 0.23148751258850098, "Blurred Mapping Matrix (f_blur)": 0.5655503273010254, "Data Vector (D)": 0.062058210372924805, "Curvature Matrix (F)": 2.508559226989746, "Regularization Matrix (H)": 0.041976213455200195, "F + Lambda H": 0.0437319278717041, "Source Reconstruction (S)": 0.38852500915527344, "Log Det [F + Lambda H]": 0.3396487236022949, "Log Det [Lambda H]": 0.3795125484466553, "Image Reconstruction": 0.04528164863586426}