{"Lens Light (Grid2D)": 0.12842180728912353, "Lens Light (Grid2DIterate)": 0.08097822666168213, "Lens Light Convolution": 0.009200572967529297, "Ray Tracing (SIE)": 0.0976651668548584, "Ray Tracing (Power-Law)": 0.24298131465911865, "Ray Tracing (Decomposed)": 3.9642037868499758, "Image-plane Pixelization (Gridding)": 0.003667783737182617, "Border Relocation": 0.12979381084442138, "Border Relocation Pixelization": 0.11831932067871094, "Voronoi Mesh": 0.019008922576904296, "Image-Source Pairing": 0.11111905574798583, "Mapping Matrix (f)": 0.24127070903778075, "Blurred Mapping Matrix (f_blur)": 0.6070932388305664, "Data Vector (D)": 0.06494596004486083, "Curvature Matrix (F)": 2.1720660448074343, "Regularization Matrix (H)": 0.055120658874511716, "F + Lambda H": 0.042579150199890135, "Source Reconstruction (S)": 0.36256103515625, "Log Det [F + Lambda H]": 0.27286906242370607, "Log Det [Lambda H]": 0.280416464805603, "Image Reconstruction": 0.04478020668029785}